

INSERT INTO quarto
VALUES
    (600, 'Maternidade');
INSERT INTO quarto
VALUES
    (601, 'Maternidade');
INSERT INTO quarto
VALUES
    (602, 'Maternidade');
INSERT INTO quarto
VALUES
    (603, 'Maternidade');
INSERT INTO quarto
VALUES
    (604, 'Maternidade');
INSERT INTO quarto
VALUES
    (605, 'Maternidade');
INSERT INTO quarto
VALUES
    (606, 'Maternidade');
INSERT INTO quarto
VALUES
    (607, 'Maternidade');
INSERT INTO quarto
VALUES
    (608, 'Maternidade');
INSERT INTO quarto
VALUES
    (609, 'Maternidade');
INSERT INTO quarto
VALUES
    (610, 'Maternidade');
INSERT INTO quarto
VALUES
    (611, 'Maternidade');
INSERT INTO quarto
VALUES
    (612, 'Maternidade');
INSERT INTO quarto
VALUES
    (613, 'Maternidade');
INSERT INTO quarto
VALUES
    (614, 'Maternidade');
INSERT INTO quarto
VALUES
    (615, 'Maternidade');
INSERT INTO quarto
VALUES
    (616, 'Maternidade');
INSERT INTO quarto
VALUES
    (617, 'Maternidade');
INSERT INTO quarto
VALUES
    (618, 'Maternidade');
INSERT INTO quarto
VALUES
    (619, 'Maternidade');
INSERT INTO quarto
VALUES
    (620, 'Maternidade');
INSERT INTO quarto
VALUES
    (621, 'Maternidade');
INSERT INTO quarto
VALUES
    (622, 'Maternidade');
INSERT INTO quarto
VALUES
    (623, 'Maternidade');
INSERT INTO quarto
VALUES
    (624, 'Maternidade');
INSERT INTO quarto
VALUES
    (625, 'Maternidade');
INSERT INTO quarto
VALUES
    (626, 'Maternidade');
INSERT INTO quarto
VALUES
    (627, 'Maternidade');
INSERT INTO quarto
VALUES
    (628, 'Maternidade');
INSERT INTO quarto
VALUES
    (629, 'Maternidade');
INSERT INTO quarto
VALUES
    (630, 'Maternidade');
INSERT INTO quarto
VALUES
    (631, 'Maternidade');
INSERT INTO quarto
VALUES
    (632, 'Maternidade');
INSERT INTO quarto
VALUES
    (633, 'Maternidade');
INSERT INTO quarto
VALUES
    (634, 'Maternidade');
INSERT INTO quarto
VALUES
    (635, 'Maternidade');
INSERT INTO quarto
VALUES
    (636, 'Maternidade');
INSERT INTO quarto
VALUES
    (637, 'Maternidade');
INSERT INTO quarto
VALUES
    (638, 'Maternidade');
INSERT INTO quarto
VALUES
    (639, 'Maternidade');
INSERT INTO quarto
VALUES
    (640, 'Maternidade');
INSERT INTO quarto
VALUES
    (641, 'Maternidade');
INSERT INTO quarto
VALUES
    (642, 'Maternidade');
INSERT INTO quarto
VALUES
    (643, 'Maternidade');
INSERT INTO quarto
VALUES
    (644, 'Maternidade');
INSERT INTO quarto
VALUES
    (645, 'Maternidade');
INSERT INTO quarto
VALUES
    (646, 'Maternidade');
INSERT INTO quarto
VALUES
    (647, 'Maternidade');
INSERT INTO quarto
VALUES
    (648, 'Maternidade');
INSERT INTO quarto
VALUES
    (649, 'Maternidade');
INSERT INTO quarto
VALUES
    (650, 'Maternidade');
INSERT INTO quarto
VALUES
    (651, 'Maternidade');
INSERT INTO quarto
VALUES
    (652, 'Maternidade');
INSERT INTO quarto
VALUES
    (653, 'Maternidade');
INSERT INTO quarto
VALUES
    (654, 'Maternidade');
INSERT INTO quarto
VALUES
    (655, 'Maternidade');
INSERT INTO quarto
VALUES
    (656, 'Maternidade');
INSERT INTO quarto
VALUES
    (657, 'Maternidade');
INSERT INTO quarto
VALUES
    (658, 'Maternidade');
INSERT INTO quarto
VALUES
    (659, 'Maternidade');
INSERT INTO quarto
VALUES
    (660, 'Maternidade');
INSERT INTO quarto
VALUES
    (661, 'Maternidade');
INSERT INTO quarto
VALUES
    (662, 'Maternidade');
INSERT INTO quarto
VALUES
    (663, 'Maternidade');
INSERT INTO quarto
VALUES
    (664, 'Maternidade');
INSERT INTO quarto
VALUES
    (665, 'Maternidade');
INSERT INTO quarto
VALUES
    (666, 'Maternidade');
INSERT INTO quarto
VALUES
    (667, 'Maternidade');
INSERT INTO quarto
VALUES
    (668, 'Maternidade');
INSERT INTO quarto
VALUES
    (669, 'Maternidade');
INSERT INTO quarto
VALUES
    (670, 'Maternidade');
INSERT INTO quarto
VALUES
    (671, 'Maternidade');
INSERT INTO quarto
VALUES
    (672, 'Maternidade');
INSERT INTO quarto
VALUES
    (673, 'Maternidade');
INSERT INTO quarto
VALUES
    (674, 'Maternidade');
INSERT INTO quarto
VALUES
    (675, 'Maternidade');
INSERT INTO quarto
VALUES
    (676, 'Maternidade');
INSERT INTO quarto
VALUES
    (677, 'Maternidade');
INSERT INTO quarto
VALUES
    (678, 'Maternidade');
INSERT INTO quarto
VALUES
    (679, 'Maternidade');
INSERT INTO quarto
VALUES
    (680, 'Maternidade');
INSERT INTO quarto
VALUES
    (681, 'Maternidade');
INSERT INTO quarto
VALUES
    (682, 'Maternidade');
INSERT INTO quarto
VALUES
    (683, 'Maternidade');
INSERT INTO quarto
VALUES
    (684, 'Maternidade');
INSERT INTO quarto
VALUES
    (685, 'Maternidade');
INSERT INTO quarto
VALUES
    (686, 'Maternidade');
INSERT INTO quarto
VALUES
    (687, 'Maternidade');
INSERT INTO quarto
VALUES
    (688, 'Maternidade');
INSERT INTO quarto
VALUES
    (689, 'Maternidade');
INSERT INTO quarto
VALUES
    (690, 'Maternidade');
INSERT INTO quarto
VALUES
    (691, 'Maternidade');
INSERT INTO quarto
VALUES
    (692, 'Maternidade');
INSERT INTO quarto
VALUES
    (693, 'Maternidade');
INSERT INTO quarto
VALUES
    (694, 'Maternidade');
INSERT INTO quarto
VALUES
    (695, 'Maternidade');
INSERT INTO quarto
VALUES
    (696, 'Maternidade');

INSERT INTO quarto
VALUES
    (697, 'Maternidade');

INSERT INTO quarto
VALUES
    (698, 'Maternidade');

INSERT INTO quarto
VALUES
    (699, 'Maternidade');



INSERT INTO plano_de_saude
VALUES
    ('Unimed');
INSERT INTO plano_de_saude
VALUES
    ('IAMSPE');
INSERT INTO plano_de_saude
VALUES
    ('Bradesco');
INSERT INTO plano_de_saude
VALUES
    ('Amil');
INSERT INTO plano_de_saude
VALUES
    ('Amico');
INSERT INTO plano_de_saude
VALUES
    ('Golden Cross');
INSERT INTO plano_de_saude
VALUES
    ('Intermédica');
INSERT INTO plano_de_saude
VALUES
    ('Ameplan');
INSERT INTO plano_de_saude
VALUES
    ('Omint');
INSERT INTO plano_de_saude
VALUES
    ('Sompo');

INSERT INTO mae
VALUES('31036761827', 'Plano de saude', 'Claudia Bernadete', '1969-08-01', '15988425628', 'Rua Joaquim Barbosa', '18052735', '28893', 'IAMSPE');
INSERT INTO mae
VALUES('33958874800', 'Plano de saude', 'Maria Antonieta', '1755-11-02', '1596228812', 'Rua Sete', '60336740', '3738', 'IAMSPE');
INSERT INTO mae
VALUES('86961301894', 'Plano de saude', 'Ada Lovelace', '1815-12-10', '1513141569', 'Rua Ana Laura de Almeida', '69309395', '9380', 'Bradesco');
INSERT INTO mae
VALUES('63954535807', 'Plano de saude', 'Miriane Cardoso', '1998-02-06', '1597677800', 'Rua Abolição', '77006314', '754', 'Amil');
INSERT INTO mae
VALUES('97481705860', 'Plano de saude', 'Giulia Fazzi', '1998-05-01', '15978787821', 'Avenida Armando Pannunzio', '68903116', '155', 'Golden Cross');
INSERT INTO mae
VALUES('04383883800', 'Cartão de crédito', 'Renata Praisler', '1998-01-23', '159848492010', 'Rodovia João Leme', '68902280', '2013');
INSERT INTO mae
VALUES('80490926827', 'Cartão de crédito', 'Beatriz de Abreu', '1998-11-14', '15912345678', 'Rua do centro', '69930970', '1');
INSERT INTO mae
VALUES('06771463885', 'Dinheiro', 'Ana Luisa Stussi', '1995-11-28', '15981234567', 'Rua Augusta', '76913565', '19283');
INSERT INTO mae
VALUES('00705195872', 'Dinheiro', 'Gabriela Dias', '2000-09-14', '15988351156', 'Rua Alan Turing', '61628280', '643');
INSERT INTO mae
VALUES('34428977859', 'Cartão de débito', 'Adriele Thalia Pereira', '1998-02-06', '15988988988', 'Rua Ana Laura de Almeida', '76807148', '1234');
INSERT INTO mae
VALUES('34428977857', 'Cartão de débito', 'Joana Vitória Montefusco', '1997-10-20', '15988988288', 'Rua Ana Laura de Almeida', '76807148', '1234');
INSERT INTO mae
VALUES('34428971111', 'Cartão de débito', 'Gabriela Oliveira', '1998-02-06', '15988988988', 'Rua Ana Laura de Almeida', '76807148', '1234');


INSERT INTO medico
VALUES('84809/SP', '12387659082', 'Lucas Ramos', '12-03-1990', '32234567', 'Rua Engenheiro Toledo', '18000036', '1233');
INSERT INTO medico
VALUES('33796/RS', '09836172642', 'Larissa Ramos', '13-03-1991', '88234567', 'Rua Cozinheiro Toledo', '19072036', '1400');
INSERT INTO medico
VALUES('108579/SP', '09836589018', 'Gustavo Souza', '15-05-1990', '92234567', 'Rua Padeiro Toledo', '20072036', '80');
INSERT INTO medico
VALUES('51097/SP', '11233445567', 'Bruno Beiga', '11-12-1989', '36234567', 'Rua Atronauta Toledo', '21092036', '2');
INSERT INTO medico
VALUES('27901/RN', '99876354612', 'Giovana Pereira', '30-10-1987', '35234567', 'Rua Pedagoga Toledo', '23072036', '123');
INSERT INTO medico
VALUES('123452/SP', '00987890987', 'Giovani Giorgio', '12-03-1988', '34234567', 'Rua Psicologo Toledo', '11072036', '321');
INSERT INTO medico
VALUES('15822/SP', '13387659082', 'Tabata Amaral', '21-08-1976', '33234567', 'Rua Porgramador Toledo', '16079036', '222');
INSERT INTO medico
VALUES('18157/SP', '12387659082', 'Sherlock Holmes', '05-12-1970', '33234560', 'Baker Street', '00000000', '222');
INSERT INTO medico
VALUES('13822/SP', '13387659082', 'Julia Amaral', '23-08-1976', '33234567', 'Av. Brasil', '16079066', '2215');
INSERT INTO medico
VALUES('12157/MG', '14387659082', 'John Whatson', '06-12-1970', '33234560', 'Baker Street', '00000001', '222');


INSERT INTO bebe
VALUES('11111', 'M', '12-09-2016', 30.1, 300, 'Sem observações', 'Normal', '31036761827', '84809/SP');
INSERT INTO bebe
VALUES('11112', 'M', '12-09-2016', 31.1, 310, 'Sem observações', 'Normal', '33958874800', '33796/RS');
INSERT INTO bebe
VALUES('11113', 'F', '21-07-2016', 29.1, 350, 'Sem observações', 'Normal', '86961301894', '108579/SP');
INSERT INTO bebe
VALUES('11114', 'F', '21-08-2016', 34.1, 400, 'Sem observações', 'Normal', '63954535807', '51097/SP');
INSERT INTO bebe
VALUES('11115', 'F', '21-07-2016', 29.1, 350, 'Sem observações', 'Normal', '97481705860', '108579/SP');
INSERT INTO bebe
VALUES('11122', 'M', '21-07-2016', 29.1, 350, 'Sem observações', 'Normal', '97481705860', '108579/SP');
INSERT INTO bebe
VALUES('11121', 'F', '21-07-2016', 29.1, 350, 'Sem observações', 'Normal', '97481705860', '108579/SP');
INSERT INTO bebe
VALUES('11116', 'M', '30-07-2016', 29.1, 350, 'Sem observações', 'Cesárea', '04383883800', '108579/SP');
INSERT INTO bebe
VALUES('11117', 'M', '11-07-2016', 29.1, 350, 'Sem observações', 'Cesárea', '80490926827', '27901/RN');
INSERT INTO bebe
VALUES('11118', 'M', '08-10-2018', 29.1, 350, 'Sem observações', 'Cesárea', '06771463885', '108579/SP');
INSERT INTO bebe
VALUES('11119', 'F', '05-04-2018', 29.1, 350, 'Sem observações', 'Cesárea', '00705195872', '108579/SP');
INSERT INTO bebe
VALUES('11120', 'F', '22-09-2016', 29.1, 350, 'Sem observações', 'Cesárea', '34428977859', '12157/MG');

INSERT INTO especializacao
VALUES('84809/SP', 'Obstetra');
INSERT INTO especializacao
VALUES('33796/RS', 'Obstetra');
INSERT INTO especializacao
VALUES('108579/SP', 'Obstetra');
INSERT INTO especializacao
VALUES('51097/SP', 'Obstetra');
INSERT INTO especializacao
VALUES('27901/RN', 'Obstetra');
INSERT INTO especializacao
VALUES('123452/SP', 'Ginecologista');
INSERT INTO especializacao
VALUES('15822/SP', 'Ginecologista');
INSERT INTO especializacao
VALUES('18157/SP', 'Obstetra');
INSERT INTO especializacao
VALUES('13822/SP', 'Obstetra');
INSERT INTO especializacao
VALUES('12157/MG', 'Obstetra');

INSERT INTO hospedagem
VALUES('31036761827', 601, '12-09-2016');
INSERT INTO hospedagem
VALUES('33958874800', 603, '12-07-2016');
INSERT INTO hospedagem
VALUES('86961301894', 604, '21-08-2016');
INSERT INTO hospedagem
VALUES('63954535807', 610, '21-07-2016');
INSERT INTO hospedagem
VALUES('97481705860', 650, '21-07-2016');
INSERT INTO hospedagem
VALUES('04383883800', 654, '30-07-2016');
INSERT INTO hospedagem
VALUES('80490926827', 651, '11-07-2016');
INSERT INTO hospedagem
VALUES('06771463885', 602, '08-10-2018');
INSERT INTO hospedagem
VALUES('00705195872', 670, '04-04-2018');
INSERT INTO hospedagem
VALUES('34428977859', 623, '12-09-2016');
INSERT INTO hospedagem
VALUES('34428971111', 625, '12-09-2016');


INSERT INTO cuida_mae
VALUES('31036761827', '84809/SP');
INSERT INTO cuida_mae
VALUES('33958874800', '33796/RS');
INSERT INTO cuida_mae
VALUES('86961301894', '108579/SP');
INSERT INTO cuida_mae
VALUES('63954535807', '51097/SP');
INSERT INTO cuida_mae
VALUES('97481705860', '27901/RN');
INSERT INTO cuida_mae
VALUES('04383883800', '123452/SP');
INSERT INTO cuida_mae
VALUES('80490926827', '15822/SP');
INSERT INTO cuida_mae
VALUES('06771463885', '18157/SP');
INSERT INTO cuida_mae
VALUES('00705195872', '13822/SP');
INSERT INTO cuida_mae
VALUES('34428977859', '12157/MG');
